{"count":1,"self":11620.8795648,"total":44402.734659,"children":{"InitializeActuators":{"count":4,"self":0.0010008,"total":0.0010008,"children":null},"InitializeSensors":{"count":4,"self":0.0046909,"total":0.0046909,"children":null},"AgentSendState":{"count":10967806,"self":21.3158192,"total":13123.1745448,"children":{"GridSensor.Update":{"count":4387124,"self":13082.4093696,"total":13082.409089699999,"children":null},"CollectObservations":{"count":4387124,"self":12.6403872,"total":12.6403872,"children":null},"WriteActionMask":{"count":4387124,"self":1.5126979999999999,"total":1.5126979999999999,"children":null},"RequestDecision":{"count":4387124,"self":5.2965507999999994,"total":5.2965509,"children":null}}},"DecideAction":{"count":10967806,"self":17534.6106368,"total":19296.5459208,"children":{"GridSensor.Write":{"count":4387128,"self":1761.9347455999998,"total":1761.9347625,"children":null}}},"AgentAct":{"count":10967802,"self":336.5318144,"total":357.3171469,"children":{"GridSensor.Update":{"count":5982,"self":20.78532,"total":20.7853206,"children":null}}},"GridSensor.Update":{"count":1490,"self":4.8094519999999994,"total":4.8094522,"children":null}},"gauges":{"RPG.CumulativeReward":{"count":7472,"max":102.436295,"min":-49.0999756,"runningAverage":2.67918658,"value":4.45637655,"weightedAverage":-0.186510175}},"metadata":{"timer_format_version":"0.1.0","start_time_seconds":"1712250872","unity_version":"2021.3.22f1","command_line_arguments":"Z:\\Program Files\\Unity\\Hub\\Editor\\2021.3.22f1\\Editor\\Unity.exe -projectpath Z:\\Programming\\SWCapston -useHub -hubIPC -cloudEnvironment production","communication_protocol_version":"1.5.0","com.unity.ml-agents_version":"2.3.0-exp.3","scene_name":"LearningTestScene","end_time_seconds":"1712295275"}}